-- phpMyAdmin SQL Dump
-- version 4.9.0.1
-- https://www.phpmyadmin.net/
--
-- Host: 127.0.0.1
-- Generation Time: Oct 16, 2021 at 03:09 PM
-- Server version: 10.3.16-MariaDB
-- PHP Version: 7.3.7

SET SQL_MODE = "NO_AUTO_VALUE_ON_ZERO";
SET AUTOCOMMIT = 0;
START TRANSACTION;
SET time_zone = "+00:00";


/*!40101 SET @OLD_CHARACTER_SET_CLIENT=@@CHARACTER_SET_CLIENT */;
/*!40101 SET @OLD_CHARACTER_SET_RESULTS=@@CHARACTER_SET_RESULTS */;
/*!40101 SET @OLD_COLLATION_CONNECTION=@@COLLATION_CONNECTION */;
/*!40101 SET NAMES utf8mb4 */;

--
-- Database: `oneui_db`
--

-- --------------------------------------------------------

--
-- Table structure for table `categories`
--

CREATE TABLE `categories` (
  `id` int(10) UNSIGNED NOT NULL,
  `name` varchar(255) COLLATE utf8mb4_unicode_ci NOT NULL,
  `created_at` timestamp NULL DEFAULT NULL,
  `updated_at` timestamp NULL DEFAULT NULL
) ENGINE=InnoDB DEFAULT CHARSET=utf8mb4 COLLATE=utf8mb4_unicode_ci;

--
-- Dumping data for table `categories`
--

INSERT INTO `categories` (`id`, `name`, `created_at`, `updated_at`) VALUES
(1, 'Front End', NULL, NULL),
(2, 'Back End', NULL, NULL),
(3, 'Fullstack', NULL, NULL);

-- --------------------------------------------------------

--
-- Table structure for table `failed_jobs`
--

CREATE TABLE `failed_jobs` (
  `id` bigint(20) UNSIGNED NOT NULL,
  `uuid` varchar(255) COLLATE utf8mb4_unicode_ci NOT NULL,
  `connection` text COLLATE utf8mb4_unicode_ci NOT NULL,
  `queue` text COLLATE utf8mb4_unicode_ci NOT NULL,
  `payload` longtext COLLATE utf8mb4_unicode_ci NOT NULL,
  `exception` longtext COLLATE utf8mb4_unicode_ci NOT NULL,
  `failed_at` timestamp NOT NULL DEFAULT current_timestamp()
) ENGINE=InnoDB DEFAULT CHARSET=utf8mb4 COLLATE=utf8mb4_unicode_ci;

-- --------------------------------------------------------

--
-- Table structure for table `house_maps`
--

CREATE TABLE `house_maps` (
  `id` int(10) UNSIGNED NOT NULL,
  `name` varchar(255) COLLATE utf8mb4_unicode_ci NOT NULL,
  `house_type_id` int(10) UNSIGNED NOT NULL,
  `created_at` timestamp NULL DEFAULT NULL,
  `updated_at` timestamp NULL DEFAULT NULL
) ENGINE=InnoDB DEFAULT CHARSET=utf8mb4 COLLATE=utf8mb4_unicode_ci;

-- --------------------------------------------------------

--
-- Table structure for table `house_types`
--

CREATE TABLE `house_types` (
  `id` int(10) UNSIGNED NOT NULL,
  `name` varchar(255) COLLATE utf8mb4_unicode_ci NOT NULL,
  `created_at` timestamp NULL DEFAULT NULL,
  `updated_at` timestamp NULL DEFAULT NULL
) ENGINE=InnoDB DEFAULT CHARSET=utf8mb4 COLLATE=utf8mb4_unicode_ci;

-- --------------------------------------------------------

--
-- Table structure for table `languages`
--

CREATE TABLE `languages` (
  `id` int(10) UNSIGNED NOT NULL,
  `langName` varchar(255) COLLATE utf8mb4_unicode_ci NOT NULL,
  `created_at` timestamp NULL DEFAULT NULL,
  `updated_at` timestamp NULL DEFAULT NULL
) ENGINE=InnoDB DEFAULT CHARSET=utf8mb4 COLLATE=utf8mb4_unicode_ci;

--
-- Dumping data for table `languages`
--

INSERT INTO `languages` (`id`, `langName`, `created_at`, `updated_at`) VALUES
(1, 'Python', NULL, NULL),
(2, 'php', NULL, NULL),
(3, 'Javascript', NULL, NULL);

-- --------------------------------------------------------

--
-- Table structure for table `migrations`
--

CREATE TABLE `migrations` (
  `id` int(10) UNSIGNED NOT NULL,
  `migration` varchar(255) COLLATE utf8mb4_unicode_ci NOT NULL,
  `batch` int(11) NOT NULL
) ENGINE=InnoDB DEFAULT CHARSET=utf8mb4 COLLATE=utf8mb4_unicode_ci;

--
-- Dumping data for table `migrations`
--

INSERT INTO `migrations` (`id`, `migration`, `batch`) VALUES
(1, '2014_10_12_000000_create_users_table', 1),
(2, '2014_10_12_100000_create_password_resets_table', 1),
(3, '2019_08_19_000000_create_failed_jobs_table', 1),
(4, '2021_08_29_074016_create_languages_table', 1),
(5, '2021_08_29_075837_create_categories_table', 1),
(6, '2021_08_30_043832_create_projects_table', 1),
(7, '2021_09_01_121252_create_house_types_table', 2);

-- --------------------------------------------------------

--
-- Table structure for table `password_resets`
--

CREATE TABLE `password_resets` (
  `email` varchar(255) COLLATE utf8mb4_unicode_ci NOT NULL,
  `token` varchar(255) COLLATE utf8mb4_unicode_ci NOT NULL,
  `created_at` timestamp NULL DEFAULT NULL
) ENGINE=InnoDB DEFAULT CHARSET=utf8mb4 COLLATE=utf8mb4_unicode_ci;

-- --------------------------------------------------------

--
-- Table structure for table `projects`
--

CREATE TABLE `projects` (
  `id` int(10) UNSIGNED NOT NULL,
  `title` varchar(255) COLLATE utf8mb4_unicode_ci NOT NULL,
  `description` longtext COLLATE utf8mb4_unicode_ci NOT NULL,
  `cover` varchar(255) COLLATE utf8mb4_unicode_ci NOT NULL,
  `language_id` int(10) UNSIGNED NOT NULL,
  `category_id` int(10) UNSIGNED NOT NULL,
  `user_id` int(10) UNSIGNED NOT NULL,
  `repository` longtext COLLATE utf8mb4_unicode_ci DEFAULT NULL,
  `created_at` timestamp NULL DEFAULT NULL,
  `updated_at` timestamp NULL DEFAULT NULL
) ENGINE=InnoDB DEFAULT CHARSET=utf8mb4 COLLATE=utf8mb4_unicode_ci;

--
-- Dumping data for table `projects`
--

INSERT INTO `projects` (`id`, `title`, `description`, `cover`, `language_id`, `category_id`, `user_id`, `repository`, `created_at`, `updated_at`) VALUES
(1, 'Project Management System', 'Lorem ipsum dolor sit amet, consectetur adipiscing elit. Maecenas ultrices, justo vel imperdiet gravida, urna ligula hendrerit nibh, ac cursus nibh..', 'Project Management System-612c7f211a2ad.png', 1, 3, 1, 'https://www.github.com/deesynertz/msp', '2021-08-30 03:48:01', '2021-08-30 03:48:01'),
(2, 'Money Stock point', 'Lorem ipsum dolor sit amet, consectetur adipiscing elit. Maecenas ultrices, justo vel imperdiet gravida, urna ligula hendrerit nibh, ac cursus nibh..', 'Money Stock point-612c81e4e78df.png', 1, 1, 2, NULL, '2021-08-30 03:59:49', '2021-08-30 03:59:49'),
(3, 'Charity Management System', 'Potenti elit lectus augue eget iaculis vitae etiam, ullamcorper etiam bibendum ad feugiat magna accumsan dolor, nibh molestie cras hac ac ad massa, fusce ante convallis ante urna molestie vulputate bibendum tempus ante justo arcu erat accumsan adipiscing risus, libero condimentum venenatis sit nisl nisi ultricies sed, fames aliquet consectetur consequat nostra molestie neque nullam scelerisque neque commodo turpis quisque etiam egestas vulputate massa, curabitur tellus massa venenatis congue dolor enim integer luctus, nisi suscipit gravida fames quis vulputate nisi viverra luctus id leo dictum lorem, inceptos nibh orci.', 'Charity Management System-612cc65e3ad47.png', 2, 3, 1, NULL, '2021-08-30 08:51:58', '2021-08-30 08:51:58'),
(4, 'Budget Management System', 'Potenti elit lectus augue eget iaculis vitae etiam, ullamcorper etiam bibendum ad feugiat magna accumsan dolor, nibh molestie cras hac ac ad massa, fusce ante convallis ante urna molestie vulputate bibendum tempus ante justo arcu erat accumsan adipiscing risus, libero condimentum venenatis sit nisl nisi ultricies sed, fames aliquet consectetur consequat nostra molestie neque nullam scelerisque neque commodo turpis quisque etiam egestas vulputate massa, curabitur tellus massa venenatis congue dolor enim integer luctus, nisi suscipit gravida fames quis vulputate nisi viverras\'s luctus id leo dictum lorem, inceptos nibh orci.', 'Budget Management System-612cc69ee80f5.png', 2, 1, 1, NULL, '2021-08-30 08:53:03', '2021-08-30 08:53:03'),
(5, 'Online Voting System', 'Felis ullamcorper curae erat nulla luctus sociosqu phasellus posuere habitasse sollicitudin, libero sit potenti leo ultricies etiam blandit id platea augue, erat habitant fermentum lorem commodo taciti tristique etiam curabitur suscipit lacinia habitasse amet mauris eu eget ipsum nec magna in, adipiscing risus aenean turpis proin duis fringilla praesent ornare lorem eros malesuada vitae nullam diam velit potenti consectetur, vehicula accumsan risus lectus tortor etiam facilisis tempus sapien tortor, mi vestibulum taciti dapibus viverra ac justo vivamus erat phasellus turpis nisi class praesent duis ligula, vel ornare faucibus potenti nibh turpis, at id semper nunc dui blandit. Enim et nec habitasse ultricies id tortor curabitur, consectetur eu inceptos ante conubia tempor platea odio, sed sem integer lacinia cras non risus euismod turpis platea erat ultrices iaculis rutrum taciti, fusce lobortis adipiscing dapibus habitant sodales gravida pulvinar, elementum mi tempus ut commodo congue ipsum justo nec dui cursus scelerisque elementum volutpat tellus nulla laoreet taciti, nibh suspendisse primis arcu integer vulputate etiam ligula lobortis nunc,', 'Online Voting System-612cccd339ff9.png', 2, 3, 2, NULL, '2021-08-30 09:19:31', '2021-08-30 09:19:31');

-- --------------------------------------------------------

--
-- Table structure for table `users`
--

CREATE TABLE `users` (
  `id` int(10) UNSIGNED NOT NULL,
  `name` varchar(255) COLLATE utf8mb4_unicode_ci NOT NULL,
  `email` varchar(255) COLLATE utf8mb4_unicode_ci NOT NULL,
  `email_verified_at` timestamp NULL DEFAULT NULL,
  `password` varchar(255) COLLATE utf8mb4_unicode_ci NOT NULL,
  `remember_token` varchar(100) COLLATE utf8mb4_unicode_ci DEFAULT NULL,
  `created_at` timestamp NULL DEFAULT NULL,
  `updated_at` timestamp NULL DEFAULT NULL
) ENGINE=InnoDB DEFAULT CHARSET=utf8mb4 COLLATE=utf8mb4_unicode_ci;

--
-- Dumping data for table `users`
--

INSERT INTO `users` (`id`, `name`, `email`, `email_verified_at`, `password`, `remember_token`, `created_at`, `updated_at`) VALUES
(1, 'Deogratis Alison', 'deesynertz@gmail.com', NULL, '$2y$10$YdFOr4h5pFh4AS7b0qaFpOy.uUWTg8l0NHkxdcBQBgxyN8OYsHOWq', NULL, '2021-08-30 03:16:11', '2021-08-30 03:16:11'),
(2, 'Kelvin Harrison', 'kelvin@gmail.com', NULL, '$2y$10$GN1MIipZkQiWqmIrEBcvPOtNbGQpSw2qolw4E.ipa3bO9DhQvwhFa', NULL, '2021-08-30 09:18:18', '2021-08-30 09:18:18');

--
-- Indexes for dumped tables
--

--
-- Indexes for table `categories`
--
ALTER TABLE `categories`
  ADD PRIMARY KEY (`id`);

--
-- Indexes for table `failed_jobs`
--
ALTER TABLE `failed_jobs`
  ADD PRIMARY KEY (`id`),
  ADD UNIQUE KEY `failed_jobs_uuid_unique` (`uuid`);

--
-- Indexes for table `house_maps`
--
ALTER TABLE `house_maps`
  ADD PRIMARY KEY (`id`);

--
-- Indexes for table `house_types`
--
ALTER TABLE `house_types`
  ADD PRIMARY KEY (`id`);

--
-- Indexes for table `languages`
--
ALTER TABLE `languages`
  ADD PRIMARY KEY (`id`);

--
-- Indexes for table `migrations`
--
ALTER TABLE `migrations`
  ADD PRIMARY KEY (`id`);

--
-- Indexes for table `password_resets`
--
ALTER TABLE `password_resets`
  ADD KEY `password_resets_email_index` (`email`);

--
-- Indexes for table `projects`
--
ALTER TABLE `projects`
  ADD PRIMARY KEY (`id`),
  ADD KEY `projects_lang_id_foreign` (`language_id`),
  ADD KEY `projects_cat_id_foreign` (`category_id`),
  ADD KEY `projects_user_id_foreign` (`user_id`);

--
-- Indexes for table `users`
--
ALTER TABLE `users`
  ADD PRIMARY KEY (`id`),
  ADD UNIQUE KEY `users_email_unique` (`email`);

--
-- AUTO_INCREMENT for dumped tables
--

--
-- AUTO_INCREMENT for table `categories`
--
ALTER TABLE `categories`
  MODIFY `id` int(10) UNSIGNED NOT NULL AUTO_INCREMENT, AUTO_INCREMENT=4;

--
-- AUTO_INCREMENT for table `failed_jobs`
--
ALTER TABLE `failed_jobs`
  MODIFY `id` bigint(20) UNSIGNED NOT NULL AUTO_INCREMENT;

--
-- AUTO_INCREMENT for table `house_maps`
--
ALTER TABLE `house_maps`
  MODIFY `id` int(10) UNSIGNED NOT NULL AUTO_INCREMENT;

--
-- AUTO_INCREMENT for table `house_types`
--
ALTER TABLE `house_types`
  MODIFY `id` int(10) UNSIGNED NOT NULL AUTO_INCREMENT;

--
-- AUTO_INCREMENT for table `languages`
--
ALTER TABLE `languages`
  MODIFY `id` int(10) UNSIGNED NOT NULL AUTO_INCREMENT, AUTO_INCREMENT=4;

--
-- AUTO_INCREMENT for table `migrations`
--
ALTER TABLE `migrations`
  MODIFY `id` int(10) UNSIGNED NOT NULL AUTO_INCREMENT, AUTO_INCREMENT=8;

--
-- AUTO_INCREMENT for table `projects`
--
ALTER TABLE `projects`
  MODIFY `id` int(10) UNSIGNED NOT NULL AUTO_INCREMENT, AUTO_INCREMENT=6;

--
-- AUTO_INCREMENT for table `users`
--
ALTER TABLE `users`
  MODIFY `id` int(10) UNSIGNED NOT NULL AUTO_INCREMENT, AUTO_INCREMENT=3;

--
-- Constraints for dumped tables
--

--
-- Constraints for table `projects`
--
ALTER TABLE `projects`
  ADD CONSTRAINT `projects_cat_id_foreign` FOREIGN KEY (`category_id`) REFERENCES `categories` (`id`) ON DELETE CASCADE ON UPDATE CASCADE,
  ADD CONSTRAINT `projects_lang_id_foreign` FOREIGN KEY (`language_id`) REFERENCES `languages` (`id`) ON DELETE CASCADE ON UPDATE CASCADE,
  ADD CONSTRAINT `projects_user_id_foreign` FOREIGN KEY (`user_id`) REFERENCES `users` (`id`) ON DELETE CASCADE ON UPDATE CASCADE;
COMMIT;

/*!40101 SET CHARACTER_SET_CLIENT=@OLD_CHARACTER_SET_CLIENT */;
/*!40101 SET CHARACTER_SET_RESULTS=@OLD_CHARACTER_SET_RESULTS */;
/*!40101 SET COLLATION_CONNECTION=@OLD_COLLATION_CONNECTION */;
